train_loss,test_loss
1.0796573134193643,0.2189327485380117
0.5873469709914331,0.19846491228070173
0.5164784681901597,0.19554093567251463
0.47180175620038606,0.20285087719298245
0.43421595530551776,0.19334795321637432
0.4075642078243501,0.1849415204678363
0.3772610999992368,0.1834795321637427
0.349833320281659,0.17616959064327486
0.3238807656306621,0.1896929824561403
0.3058743404758255,0.1838450292397661
0.2772981894600113,0.17909356725146197
0.25003872576512787,0.17690058479532167
0.23364574152823778,0.17763157894736847
0.20798542410440263,0.1875
0.18693410313268852,0.19554093567251463
0.17533049738982268,0.1889619883040936
0.15983102913967698,0.1842105263157895
0.1430270154606442,0.17141812865497075
0.12785085573879598,0.17068713450292394
0.1188885872606297,0.17470760233918126
0.11347988555589092,0.16410818713450293
0.12203297876529613,0.17251461988304095
0.10339801114226817,0.1845760233918129
0.09922019906930234,0.1889619883040936
0.08783359962586336,0.19298245614035092
0.07431923181406762,0.17799707602339176
0.06395377540329134,0.17251461988304095
0.061659741501340216,0.17945906432748537
0.05775127852504409,0.16520467836257313
0.051463360222851674,0.16191520467836262
0.04594284809352449,0.16776315789473684
0.04196321712234956,0.16191520467836262
