train_loss,test_loss
1.4001361452348051,0.24269005847953218
0.6661950843027461,0.2160087719298246
0.5858635721150894,0.20358187134502925
0.5495890826858275,0.19627192982456143
0.5217770883562969,0.17982456140350878
0.4975897795275638,0.1860380116959064
0.47317986660882044,0.17982456140350878
0.4576832223356816,0.17690058479532167
0.44179198128438135,0.17105263157894735
0.4237533389476308,0.17580409356725146
0.4112374894103112,0.16995614035087714
0.3986346987430115,0.17397660818713445
0.38347405569943765,0.17178362573099415
0.3684555512596989,0.17178362573099415
0.36028575766504856,0.16995614035087714
0.3409757292584369,0.17470760233918126
0.33237629170306243,0.17288011695906436
0.31844264504156616,0.16337719298245612
0.30471133018097685,0.17068713450292394
0.29108803061365385,0.17251461988304095
0.2802003968877402,0.16374269005847952
0.2728729315145671,0.17032163742690054
0.2566411428109944,0.16630116959064323
0.25032907994518505,0.17105263157894735
0.23141700408437796,0.17068713450292394
0.2226800589185012,0.16776315789473684
0.21353281550762945,0.17105263157894735
0.2027748107300167,0.16593567251461994
0.1909982998643005,0.16995614035087714
0.18203375444949021,0.17068713450292394
0.17710471301399477,0.16959064327485385
0.16779679421618668,0.17434210526315785
