train_loss,test_loss
1.3593959219274465,0.22807017543859653
0.6280947435669034,0.19590643274853803
0.5496388539584757,0.1889619883040936
0.5045806757713619,0.1834795321637427
0.4760154449103171,0.17763157894736847
0.44277946494127574,0.17324561403508776
0.42199274000020054,0.16885964912280704
0.3976952536412847,0.16849415204678364
0.38193170857011227,0.16995614035087714
0.36102819922026136,0.16849415204678364
0.339884897683099,0.16739766081871343
0.3222015113161321,0.1600877192982456
0.29960504984646513,0.1597222222222222
0.28677194264897127,0.16045321637426901
0.2667648657197841,0.1597222222222222
0.24818071574844114,0.1571637426900585
0.23000853351856532,0.1600877192982456
0.21117566264512247,0.16228070175438591
0.2001839939788071,0.16228070175438591
0.18515848159267193,0.1593567251461988
0.1741533417973602,0.16081871345029242
0.16404205281832065,0.1593567251461988
0.171844532745972,0.16045321637426901
0.18842133579024098,0.17214912280701755
0.16303639710820905,0.17434210526315785
0.15203942179854152,0.16118421052631582
0.13912342508372508,0.16739766081871343
0.12271178820938394,0.16666666666666663
0.11143418333945218,0.17105263157894735
0.09714176781388403,0.17032163742690054
0.09281866260047196,0.17909356725146197
0.08424652302474306,0.17982456140350878
