train_loss,test_loss
0.7682692194194124,0.19773391812865493
0.555029227893952,0.19992690058479534
0.47960075622762155,0.16264619883040932
0.43015111189836647,0.1575292397660819
0.39502262389450743,0.1560672514619883
0.35166884226757184,0.1593567251461988
0.319548545394376,0.1571637426900585
0.27818771826419214,0.1589912280701754
0.25303347840120916,0.1575292397660819
0.21164159278510608,0.14839181286549707
0.20190790970945915,0.1531432748538012
0.16778109020047022,0.1527777777777778
0.13558910055118695,0.16776315789473684
0.12023550419038848,0.16191520467836262
0.10981835314884172,0.16154970760233922
0.09627337084963308,0.185672514619883
0.07908622489436067,0.16776315789473684
0.06068395648957693,0.16374269005847952
0.06204727912942568,0.16374269005847952
0.04981599557240717,0.17872807017543857
0.04363581987931148,0.17726608187134507
0.049661317621003724,0.17397660818713445
0.04982353203006808,0.16995614035087714
0.052714807466108196,0.17251461988304095
0.047032216140368614,0.17799707602339176
0.043257457532304505,0.16630116959064323
0.03451013917849557,0.17872807017543857
0.039594800234295714,0.17032163742690054
0.03316156709653854,0.17799707602339176
0.026619965437260504,0.16228070175438591
0.03533299038273811,0.16228070175438591
0.031402761776821296,0.16703216374269003
