train_loss,test_loss
1.2462828493954843,0.2218567251461988
0.6465592539449881,0.20248538011695905
0.5756573964629257,0.19700292397660824
0.5329082247458006,0.1864035087719298
0.5016284920493065,0.17836257309941517
0.47668426244230994,0.17690058479532167
0.45192487764428235,0.17799707602339176
0.43070536973880746,0.17763157894736847
0.4136225345887636,0.17470760233918126
0.3941011195294341,0.17434210526315785
0.37350198260524814,0.17288011695906436
0.3583341170298426,0.17763157894736847
0.33721189810867197,0.17288011695906436
0.3202433858872854,0.16995614035087714
0.3043786950452983,0.17178362573099415
0.2909879202992595,0.16410818713450293
0.2815946685640435,0.17324561403508776
0.2608208604026259,0.17361111111111116
0.24416254216815994,0.16703216374269003
0.2274784721129122,0.16995614035087714
0.21351663219301323,0.16849415204678364
0.20213293698098925,0.16374269005847952
0.18980300300128278,0.16374269005847952
0.17503220226332458,0.16483918128654973
0.16608383057758822,0.16849415204678364
0.15541530152161917,0.17032163742690054
0.1554886323797424,0.17470760233918126
0.16253600849045646,0.1867690058479532
0.15626052675539986,0.17909356725146197
0.15266800693601196,0.16812865497076024
0.1506634227691861,0.17361111111111116
0.15156068602762027,0.16959064327485385
