train_loss,test_loss
0.7294898226595762,0.20394736842105265
0.5384131621199044,0.16812865497076024
0.4661563282821611,0.158625730994152
0.41076308166423037,0.1597222222222222
0.3684251593393192,0.1531432748538012
0.3384693359945253,0.14948830409356728
0.2969193861149905,0.16154970760233922
0.26983428567822215,0.14766081871345027
0.24531922511190002,0.1593567251461988
0.21400473798401873,0.1542397660818714
0.16383065969536179,0.153874269005848
0.15327095571491453,0.15168128654970758
0.12786777873049704,0.16228070175438591
0.12402340411399192,0.158625730994152
0.10535873628455644,0.1549707602339181
0.08592749929480385,0.16593567251461994
0.07100057363107104,0.16959064327485385
0.06148344387262188,0.17251461988304095
0.05656534341594193,0.17434210526315785
0.053120690272652614,0.17690058479532167
0.04472634886603868,0.17324561403508776
0.051565197520420956,0.19371345029239762
0.04542664616581118,0.20065789473684215
0.05345693565442156,0.17836257309941517
0.048436992653313346,0.18201754385964908
0.04110639370645652,0.16995614035087714
0.039365849977124986,0.16557017543859653
0.03720000882330759,0.17690058479532167
0.030426498177415034,0.16337719298245612
0.03133869294910446,0.18055555555555558
0.027409079077868718,0.17178362573099415
0.031217567763415204,0.17361111111111116
